plan_type,days_since_login,emails_opened_30d,sessions_per_week,support_tickets_90d,billing_failures,account_age_days,churned
free,27,2,0,0,0,140,0
pro,11,4,8,0,0,150,0
basic,1,0,1,0,1,45,1
basic,29,6,4,1,0,552,0
free,27,0,3,0,0,127,1
free,13,3,1,2,0,145,0
free,55,4,2,0,0,500,0
pro,6,13,7,0,0,468,0
basic,5,2,2,1,0,310,0
basic,14,0,2,2,1,378,1
free,53,3,2,0,0,261,1
pro,14,4,9,0,0,140,0
pro,10,6,2,0,0,381,0
free,24,3,3,0,0,41,1
free,12,4,2,0,0,517,1
free,5,1,1,0,0,562,1
free,43,1,2,0,0,668,0
basic,26,0,5,0,0,314,1
free,44,1,1,0,0,662,0
free,35,0,0,0,0,665,0
basic,27,1,5,0,0,574,0
free,42,2,1,1,0,421,1
free,19,2,3,0,0,199,0
free,17,1,2,1,0,106,1
free,57,1,2,0,0,326,1
basic,18,5,1,2,0,359,1
free,56,3,3,0,0,92,1
basic,24,8,1,1,0,299,1
basic,9,2,3,0,1,245,0
free,49,0,1,1,0,219,0
basic,14,5,1,1,0,104,0
free,26,1,0,1,0,715,1
free,6,0,3,0,0,539,0
pro,14,9,7,0,0,608,0
pro,8,13,4,0,0,122,0
pro,14,14,7,0,0,82,0
free,31,0,1,1,0,525,1
free,55,3,0,1,0,123,1
basic,21,1,1,0,0,654,1
free,19,0,2,1,0,258,1
free,23,4,1,0,0,279,1
free,14,2,0,1,0,420,1
free,47,3,2,2,0,211,1
pro,7,10,3,1,0,296,1
free,20,3,2,0,0,310,1
basic,0,4,6,1,0,696,0
free,25,0,1,1,0,112,1
basic,12,9,6,2,0,215,1
basic,3,4,1,0,0,680,0
free,13,1,3,0,0,596,0
pro,6,9,8,1,0,560,1
basic,8,5,4,0,0,377,1
pro,5,3,4,0,0,452,0
pro,7,8,7,2,0,483,1
basic,0,3,2,0,0,296,1
pro,12,2,4,0,0,536,0
free,2,1,3,0,0,171,0
free,22,4,1,0,0,345,0
free,25,3,2,2,0,705,0
free,36,3,2,0,0,261,0
free,23,4,0,0,0,326,1
free,48,4,0,0,0,601,1
pro,0,10,3,0,0,51,0
free,50,1,0,0,0,413,1
free,24,4,1,0,0,155,0
basic,9,6,1,1,0,132,1
free,11,2,3,1,0,139,1
pro,0,9,8,2,1,599,0
free,40,1,2,0,0,501,1
pro,1,8,4,0,0,94,1
basic,2,6,3,0,0,501,0
free,52,3,1,0,0,599,1
free,3,3,3,0,0,699,1
pro,7,7,7,0,0,105,1
basic,24,0,6,0,0,48,1
basic,27,5,5,0,0,413,1
basic,14,8,3,1,0,219,1
free,54,3,1,1,0,389,1
free,32,4,3,0,0,481,1
free,16,3,0,0,0,108,0
pro,4,4,2,0,0,625,1
basic,8,5,2,0,0,201,0
free,27,1,2,0,0,241,0
free,57,4,0,0,0,474,1
free,42,1,2,1,0,178,1
free,40,1,1,1,0,39,1
basic,27,8,2,1,0,571,0
basic,16,3,1,3,0,84,0
pro,6,14,8,1,0,668,0
free,16,1,2,1,0,209,1
free,33,1,2,0,0,410,0
basic,9,1,6,0,0,451,0
basic,17,8,1,0,0,480,0
basic,19,2,4,2,1,122,1
basic,12,8,4,1,0,549,0
free,0,4,2,0,0,442,1
basic,6,5,6,0,0,423,0
free,20,3,3,0,0,360,0
free,4,0,2,0,0,462,0
free,1,4,0,0,0,192,0
free,21,4,2,0,0,69,1
basic,19,5,4,0,0,114,0
free,56,0,3,0,0,619,1
basic,0,7,2,1,0,120,0
pro,14,9,3,0,0,513,0
free,33,1,2,0,0,414,1
free,15,0,2,0,0,222,1
basic,10,0,4,0,0,282,1
free,50,4,1,0,0,684,1
free,38,2,1,0,0,273,0
free,21,2,3,0,0,299,1
free,11,3,1,0,0,48,1
pro,7,6,4,0,0,69,1
pro,9,10,2,1,0,639,0
basic,2,5,2,0,0,545,0
pro,2,13,4,0,0,62,1
pro,9,5,5,1,0,706,0
free,58,2,0,1,0,479,1
pro,10,14,3,0,0,568,0
basic,15,2,1,0,0,714,0
pro,11,2,7,0,0,654,0
pro,8,9,8,0,0,636,0
free,31,1,0,0,0,348,1
free,6,0,1,0,0,675,0
free,20,0,3,0,0,153,1
free,19,1,3,0,0,401,0
pro,2,5,8,1,1,380,0
pro,11,3,7,4,0,352,1
free,45,3,1,0,0,517,1
basic,26,1,3,0,0,480,0
free,21,3,1,0,0,382,0
free,14,0,0,2,0,145,0
free,55,3,2,0,0,42,1
free,39,4,3,0,0,349,1
pro,9,10,5,0,0,194,1
free,14,1,3,0,0,114,0
basic,0,5,4,0,0,277,0
basic,22,0,4,1,0,461,0
free,27,2,3,1,0,597,1
pro,10,11,9,1,0,713,1
pro,2,7,2,1,0,682,0
free,40,4,0,0,0,673,0
free,39,2,1,0,0,508,0
free,57,1,1,1,0,397,1
free,27,4,3,0,0,386,1
free,25,2,0,0,0,437,1
basic,8,4,5,1,0,374,0
basic,28,3,1,0,0,208,1
free,24,0,0,0,0,454,1
free,55,4,1,3,0,570,1
pro,7,9,3,0,0,472,0
free,7,3,3,0,0,335,0
free,43,3,3,1,0,396,1
free,32,3,0,0,0,65,1
pro,5,4,6,0,0,492,0
free,51,1,1,0,0,650,1
basic,21,8,5,1,0,175,1
basic,4,3,1,2,0,175,0
free,38,4,3,3,0,409,1
basic,17,9,5,0,0,197,0
free,22,0,2,0,0,304,0
basic,26,9,1,1,0,116,0
basic,20,6,5,1,0,183,1
basic,1,9,1,0,0,526,0
free,42,1,3,0,0,344,1
pro,5,6,7,0,0,639,0
free,4,2,0,1,0,589,1
free,50,1,1,0,0,303,0
free,10,1,2,0,0,291,0
basic,5,4,1,0,0,516,0
basic,25,1,6,0,0,483,1
free,9,0,2,0,0,472,1
basic,3,5,2,0,0,291,0
free,23,2,0,0,0,572,1
basic,27,8,1,0,0,134,0
free,27,3,2,1,0,379,0
basic,4,3,5,1,0,467,0
free,35,0,1,0,0,198,0
pro,12,11,3,1,0,372,0
free,20,1,3,3,0,259,0
free,7,4,1,0,0,52,1
free,54,2,3,0,0,705,1
pro,3,12,8,0,0,310,0
pro,5,5,9,1,1,548,0
free,14,4,2,0,0,282,1
basic,12,3,4,1,0,433,1
pro,0,9,5,2,0,162,1
basic,21,0,6,1,0,303,0
basic,6,0,2,0,0,647,0
free,41,3,1,2,0,261,0
free,59,4,3,0,0,574,1
pro,11,2,3,0,1,108,1
pro,5,12,4,0,0,64,0
basic,3,6,3,0,0,524,0
free,1,4,2,0,0,139,0
free,6,1,0,0,0,350,0
basic,0,3,2,0,0,604,0
pro,1,13,7,0,1,357,0
pro,11,14,2,2,0,719,1
basic,13,7,1,0,0,413,1
basic,5,8,4,0,0,393,1
free,49,0,3,0,0,261,1
free,42,2,1,0,0,645,1
pro,8,13,9,1,0,443,0
basic,5,5,6,1,1,323,1
free,32,0,3,2,0,576,1
free,27,3,2,0,0,203,1
basic,15,2,5,0,0,421,1
free,54,3,1,0,0,131,1
free,7,3,3,1,0,322,1
basic,16,3,1,0,0,114,1
basic,9,0,5,0,0,230,0
basic,27,7,2,0,0,714,0
free,47,2,0,1,0,570,1
basic,17,8,2,1,1,326,0
free,36,3,3,0,0,85,1
free,3,3,0,0,0,501,0
basic,12,6,4,1,0,45,0
basic,14,4,6,0,0,681,0
pro,12,13,3,0,0,95,0
basic,18,8,1,0,1,688,0
basic,2,7,6,1,0,699,0
free,31,1,0,0,0,501,0
free,8,2,3,0,0,610,0
free,11,2,2,1,0,52,1
free,10,3,0,2,0,515,0
pro,5,13,7,0,0,444,1
free,54,2,1,0,0,686,0
pro,10,5,7,1,1,334,1
basic,23,3,3,0,0,206,1
basic,9,1,4,1,0,224,0
basic,22,8,6,0,0,42,1
basic,24,1,3,0,0,195,0
free,20,1,1,0,0,179,1
free,29,3,0,0,0,370,1
basic,25,0,5,0,1,586,1
free,33,3,2,1,0,203,1
free,3,1,2,1,0,196,0
basic,24,8,1,0,0,623,0
free,37,2,1,1,0,609,0
pro,0,12,6,2,0,126,0
pro,1,12,9,0,0,708,0
pro,0,8,9,0,0,433,0
free,54,2,0,0,0,106,0
free,26,2,0,0,0,266,0
pro,9,5,7,0,0,320,0
free,24,4,3,1,0,165,1
pro,6,6,2,2,1,396,0
pro,12,12,3,1,0,577,0
pro,1,10,3,0,0,277,0
free,24,0,1,1,0,243,0
free,19,3,3,0,0,99,1
pro,3,7,4,2,0,358,0
free,25,1,2,1,0,45,0
free,4,2,3,0,0,516,0
basic,28,9,4,1,0,203,0
pro,4,3,7,0,0,728,0
basic,5,6,1,0,0,303,1
basic,18,6,2,1,0,553,0
free,51,0,0,1,0,248,1
basic,2,8,1,0,0,542,0
pro,3,3,3,0,0,428,1
free,5,1,0,0,0,140,1
basic,8,0,3,1,0,493,0
pro,9,10,6,0,0,670,0
basic,4,3,1,0,1,122,1
basic,9,0,6,0,0,480,0
basic,22,1,5,0,0,425,0
free,1,3,1,0,0,580,1
free,46,1,3,2,0,508,1
pro,8,4,6,0,0,345,0
pro,12,10,6,0,0,700,1
pro,2,5,2,0,1,727,0
pro,7,2,4,1,0,382,0
basic,24,7,2,0,0,268,1
basic,21,3,6,1,0,133,1
basic,8,2,6,0,1,58,1
basic,28,8,1,0,0,118,0
basic,14,9,6,0,0,404,1
basic,4,3,6,1,0,426,0
pro,10,6,2,0,0,592,0
free,25,1,0,3,0,393,1
free,47,4,3,0,0,176,1
free,20,1,1,1,0,343,0
basic,14,3,2,2,0,577,0
free,55,1,0,1,0,481,1
free,25,3,0,0,0,535,1
basic,12,8,5,0,0,515,0
free,20,4,3,1,0,130,1
basic,22,1,6,0,0,136,1
free,51,2,3,0,0,320,1
free,33,2,0,1,0,378,0
pro,10,12,4,2,0,646,0
free,50,2,0,0,0,617,1
free,46,2,0,2,0,256,1
basic,11,0,2,0,0,625,1
basic,17,8,5,1,1,617,0
free,10,4,3,0,0,79,1
basic,21,4,6,1,0,187,1
free,22,4,1,1,0,357,0
free,47,1,0,1,0,106,1
basic,29,2,5,0,0,662,0
basic,16,2,5,1,0,483,0
basic,29,6,3,0,0,339,1
basic,10,8,5,1,0,356,0
pro,5,9,3,1,0,537,0
basic,18,1,6,0,0,136,0
free,14,1,3,1,0,270,0
basic,25,1,3,0,0,464,0
free,34,2,1,0,0,57,1
free,32,4,2,1,0,278,1
free,19,2,2,0,0,393,0
free,15,4,2,0,0,562,1
pro,9,11,5,0,0,501,0
pro,4,5,6,0,0,696,0
basic,8,6,2,0,0,568,0
free,39,2,1,0,0,618,0
free,55,3,2,0,0,442,0
free,27,0,0,0,0,598,1
free,46,4,3,1,0,660,0
basic,6,9,2,1,0,194,1
basic,22,2,5,0,1,605,1
basic,14,6,6,1,0,77,0
free,19,4,3,2,0,691,0
pro,12,7,7,1,0,513,0
basic,21,6,2,0,0,187,0
basic,14,3,1,1,0,697,0
basic,29,4,4,0,0,180,0
free,22,3,0,0,0,254,1
free,2,0,2,1,0,289,1
free,3,2,2,1,0,416,1
basic,10,0,5,0,1,285,0
free,24,0,0,1,0,90,1
free,46,1,2,1,0,425,1
free,37,0,1,0,0,426,1
free,14,4,3,0,0,191,1
pro,4,4,4,1,0,409,0
basic,0,3,6,1,0,472,0
free,56,3,2,0,0,378,1
free,52,3,3,0,0,60,0
free,52,2,0,2,0,100,1
free,45,2,1,0,0,426,0
free,51,1,0,0,0,467,1
free,13,2,1,0,0,31,1
free,35,2,1,1,0,591,0
basic,28,8,4,0,1,164,1
basic,17,3,6,0,0,175,0
free,38,1,2,0,0,208,1
free,8,3,0,0,0,293,1
basic,12,9,4,1,0,340,0
basic,21,4,3,2,0,233,1
pro,11,7,6,0,0,728,0
basic,1,5,4,0,0,59,0
free,17,0,3,1,0,88,0
free,50,4,0,0,0,38,1
basic,14,5,5,0,0,353,0
free,5,3,0,0,0,196,0
basic,15,4,2,0,0,366,1
pro,14,4,2,0,0,408,0
basic,20,9,5,2,0,271,1
free,58,0,2,0,0,695,0
basic,28,3,2,1,0,189,0
free,33,2,3,1,0,264,0
basic,23,9,3,1,1,482,0
pro,5,12,8,0,0,228,0
free,37,1,1,1,0,506,1
pro,2,14,3,0,0,62,1
pro,6,6,7,0,0,437,0
free,52,1,3,1,0,118,1
free,7,1,1,1,0,636,0
free,34,3,0,0,0,250,1
free,18,1,0,1,0,98,1
free,29,2,3,0,0,323,0
basic,25,3,3,0,0,266,1
free,58,4,0,0,0,189,1
free,19,4,1,0,0,319,0
pro,10,8,9,0,0,583,0
free,24,0,3,0,0,607,0
pro,9,13,8,0,0,562,0
free,23,0,2,0,0,364,0
free,13,1,2,0,0,611,0
basic,10,7,5,2,0,531,1
basic,24,5,1,0,0,275,1
pro,3,13,4,1,0,352,1
basic,28,2,5,0,0,640,1
pro,1,11,9,1,0,358,0
free,56,2,2,0,0,576,1
free,18,4,3,2,0,368,0
basic,20,5,3,0,0,200,0
pro,1,3,6,0,1,139,1
pro,11,10,5,1,0,39,0
free,41,0,0,0,0,231,1
free,18,3,0,1,0,286,0
basic,24,6,6,0,0,291,0
free,27,4,2,0,0,722,0
pro,6,11,8,0,0,459,0
pro,8,11,6,0,0,536,1
free,6,3,1,2,0,95,1
basic,23,6,2,0,0,702,0
basic,0,6,2,0,0,608,0
free,58,4,0,0,0,641,1
pro,13,7,4,0,0,618,0
basic,21,8,4,1,0,64,0
pro,11,12,2,0,0,586,0
free,59,2,3,0,0,691,1
pro,2,5,8,0,0,520,1
free,46,1,1,0,0,609,0
free,51,2,2,0,0,283,1
pro,8,11,4,0,0,46,0
free,55,1,1,1,0,290,1
free,37,0,0,0,0,285,1
pro,5,14,9,0,0,453,0
pro,4,8,2,1,0,530,0
basic,18,8,3,0,0,315,0
basic,18,2,2,0,0,36,1
free,29,4,0,1,0,526,0
free,8,0,2,0,0,228,1
free,32,2,1,0,0,632,1
basic,14,0,3,0,0,688,0
basic,2,3,4,0,1,447,1
basic,10,2,5,0,0,691,0
basic,20,0,4,1,0,81,1
free,10,3,3,0,0,272,0
free,52,4,0,0,0,248,0
free,34,2,1,0,0,547,0
basic,7,2,2,0,0,138,1
free,58,4,1,2,0,380,1
pro,2,13,7,0,0,95,0
free,29,1,2,0,0,39,1
free,40,1,0,1,0,231,1
free,3,4,0,2,0,243,0
basic,21,1,5,1,0,97,1
basic,5,5,2,0,0,356,0
free,27,3,3,0,0,79,0
free,7,1,2,1,0,46,0
basic,24,6,1,1,0,552,0
free,40,1,0,1,0,335,1
pro,5,12,5,0,0,421,0
basic,14,4,3,1,0,153,1
free,40,4,3,0,0,533,1
free,55,4,1,0,0,254,0
pro,2,13,2,0,0,347,1
free,15,2,0,0,0,502,1
free,28,3,2,1,0,570,1
pro,6,7,5,0,0,387,0
pro,9,7,6,0,0,512,1
pro,3,8,2,0,0,458,0
basic,12,2,3,1,0,526,0
free,34,0,3,1,0,501,1
free,10,1,0,0,0,600,1
basic,19,7,6,1,0,684,0
basic,28,1,4,0,0,329,1
free,20,0,3,2,0,705,1
pro,7,9,4,0,0,113,0
free,4,1,2,0,0,406,0
free,47,2,0,0,0,342,1
free,19,3,3,1,0,658,0
free,36,2,1,0,0,349,1
free,2,1,1,1,0,233,0
free,43,2,0,0,0,384,0
free,32,0,3,3,0,323,1
basic,26,8,5,1,0,533,0
basic,22,8,2,0,0,174,1
basic,29,0,2,1,0,568,1
pro,14,8,3,1,0,46,0
free,34,0,0,0,0,604,0
free,16,2,3,1,0,605,0
pro,1,5,9,1,0,68,1
free,23,2,2,1,0,159,1
pro,5,4,9,0,0,144,0
free,0,1,0,0,0,479,1
pro,0,13,2,2,0,74,0
free,44,3,2,0,0,245,1
pro,11,11,6,0,0,629,0
basic,1,6,3,0,0,444,1
pro,9,7,9,0,0,718,0
free,11,0,3,0,0,294,0
basic,8,4,2,2,0,469,1
pro,7,7,8,0,0,646,0
basic,27,7,6,1,0,410,1
basic,1,5,6,0,0,330,0
basic,28,1,4,0,0,200,0
free,40,1,3,0,0,649,1
basic,14,7,6,1,0,435,0
basic,15,9,1,0,0,384,0
pro,0,9,4,0,0,190,0
free,28,0,1,1,0,581,0
free,21,0,3,0,0,55,0
pro,13,13,8,4,0,112,0
pro,13,13,6,0,0,202,1
free,50,4,0,0,0,714,0
basic,4,4,2,0,0,99,1
free,19,4,0,2,0,35,1
free,56,4,0,0,0,224,1
free,28,4,1,2,0,554,0
free,50,1,3,1,0,92,1
basic,25,9,4,0,1,42,1
free,54,1,0,1,0,234,1
pro,10,2,7,0,1,69,0
pro,8,13,5,0,0,194,0
basic,4,8,6,2,0,60,1
basic,18,6,6,0,0,558,0
free,21,2,1,0,0,678,0
pro,10,10,2,0,0,706,0
basic,26,5,4,0,0,427,0
free,2,2,0,0,0,488,0
pro,1,9,6,0,0,252,0
pro,10,6,8,0,0,663,1
pro,11,3,3,0,0,107,1
basic,5,0,3,1,0,629,1
basic,28,3,2,0,0,654,0
free,26,2,1,0,0,641,0
pro,2,13,5,0,0,457,0
pro,7,13,6,0,0,454,0
free,0,0,3,2,0,416,0
free,7,4,3,0,0,268,0
free,22,4,1,0,0,652,0
pro,7,5,3,1,0,119,0
pro,3,9,3,0,0,414,0
free,21,3,3,2,0,168,0
basic,4,7,1,2,0,676,0
free,17,1,0,0,0,553,1
pro,13,12,9,1,0,273,0
pro,8,14,7,1,0,534,1
pro,1,12,7,0,0,451,1
free,25,1,2,0,0,211,1
free,26,1,1,0,0,224,0
free,7,4,0,0,0,663,0
free,18,3,1,1,0,82,1
pro,7,9,8,1,0,714,0
pro,6,10,5,0,0,208,0
pro,13,8,8,0,0,322,0
pro,12,13,4,1,0,404,1
basic,7,7,3,3,0,88,1
basic,26,6,2,3,0,83,1
pro,8,12,7,1,0,274,0
pro,3,9,2,1,0,178,0
free,39,0,1,0,0,397,1
free,13,0,3,0,0,45,0
free,34,0,3,0,0,205,1
pro,1,4,4,0,0,569,0
basic,29,9,3,1,0,435,1
free,19,1,0,0,0,496,1
basic,9,7,2,0,0,158,1
basic,11,3,5,0,0,252,0
free,12,0,0,0,0,273,0
free,37,2,0,0,0,455,1
basic,15,1,1,0,0,383,1
basic,16,5,2,1,0,355,1
basic,25,9,5,0,0,633,0
basic,1,0,6,0,0,32,0
pro,1,4,5,1,0,508,0
basic,11,7,5,0,0,110,0
basic,18,9,2,0,0,73,1
pro,6,3,5,0,0,184,1
free,25,2,0,0,0,565,0
free,38,1,3,0,0,128,1
free,20,1,2,0,0,426,1
basic,16,5,1,0,0,200,1
basic,29,5,4,0,0,177,0
basic,5,5,3,2,0,152,0
free,42,2,0,1,0,141,1
free,53,0,2,1,0,159,1
free,40,1,3,1,0,97,1
free,8,1,1,0,0,637,0
basic,2,3,1,0,0,686,0
free,36,0,3,0,0,574,1
free,48,4,2,0,0,315,1
pro,0,7,6,0,0,34,0
free,16,4,2,1,0,147,1
basic,12,1,4,0,0,681,0
basic,27,6,1,0,0,259,0
free,50,1,0,0,0,189,1
basic,25,9,5,0,0,323,0
pro,7,11,3,1,1,215,0
pro,5,12,8,0,1,581,0
free,40,1,3,1,0,253,1
pro,1,6,4,1,0,181,0
free,12,4,1,0,0,169,1
free,10,3,0,0,0,396,0
free,45,3,3,0,0,157,1
pro,11,6,5,0,0,380,0
free,10,0,3,2,0,176,0
free,12,0,3,1,0,314,0
basic,14,4,4,1,0,498,0
free,44,0,3,1,0,247,0
free,0,4,0,1,0,465,0
free,39,3,3,0,0,174,0
free,43,4,3,0,0,306,0
free,18,0,2,0,0,89,1
free,11,2,3,0,0,639,0
basic,25,0,5,2,0,404,1
free,7,3,3,0,0,433,1
free,52,4,1,1,0,722,1
pro,2,6,3,0,0,143,0
free,11,4,3,2,0,524,1
basic,27,0,4,0,0,644,0
free,32,1,1,1,0,365,1
free,44,2,0,1,0,598,1
free,25,3,2,1,0,314,1
free,38,3,1,1,0,158,1
free,27,2,1,0,0,344,0
free,57,0,2,1,0,627,1
free,4,2,2,0,0,100,1
free,7,0,1,1,0,374,0
free,24,1,3,1,0,127,1
free,26,2,1,0,0,329,1
free,45,0,3,1,0,205,1
basic,23,0,2,1,0,104,0
basic,13,3,6,1,0,172,1
free,44,3,2,0,0,52,1
basic,15,0,1,1,0,210,0
basic,5,3,5,1,0,74,0
free,48,2,0,2,0,498,1
pro,6,6,8,0,0,121,0
pro,5,2,6,0,0,298,1
free,17,2,0,0,0,63,1
free,17,1,3,0,0,707,1
pro,7,5,6,0,0,611,0
basic,28,1,6,0,0,393,0
free,29,1,1,0,0,162,0
free,32,1,0,0,0,411,0
free,35,2,2,1,0,709,1
free,17,2,1,0,0,306,0
basic,17,3,5,1,0,185,1
free,18,0,1,1,0,416,0
free,46,1,3,0,0,564,1
basic,10,5,2,1,0,229,0
free,39,4,3,0,0,304,0
free,19,1,3,1,0,530,1
basic,28,7,5,0,0,488,0
pro,12,7,8,0,0,79,0
basic,15,8,4,0,0,727,0
basic,26,5,3,0,1,561,0
free,50,4,1,1,0,657,0
free,14,3,0,0,0,121,0
basic,10,2,2,0,0,485,0
free,38,4,0,4,0,368,1
free,1,0,1,2,0,82,0
free,28,3,2,0,0,525,0
free,40,2,1,1,0,664,1
free,9,3,2,0,0,33,1
free,1,0,2,0,0,710,0
free,50,0,1,1,0,310,0
free,10,1,2,1,0,319,1
pro,7,14,2,3,0,102,0
basic,15,3,4,0,0,166,1
basic,28,3,3,0,0,682,0
basic,12,6,5,2,0,422,0
free,50,2,3,0,0,237,1
free,53,4,1,0,0,289,1
basic,19,3,5,0,0,292,0
basic,10,5,6,0,0,534,1
basic,26,5,4,0,0,579,0
free,27,3,1,0,0,232,1
free,2,3,2,1,0,376,0
free,19,3,2,0,0,81,1
free,5,3,2,1,0,622,0
basic,29,5,4,0,0,385,0
basic,27,5,1,0,0,548,0
free,1,1,3,0,0,392,0
pro,14,7,4,0,0,74,1
basic,2,4,4,0,0,407,0
free,2,1,3,0,0,441,0
free,15,1,1,0,0,171,0
free,29,4,2,0,0,287,1
free,39,3,0,1,0,66,0
free,1,3,2,1,0,74,0
free,16,4,1,0,0,661,0
free,40,1,3,1,0,75,0
free,11,4,2,0,0,681,0
pro,5,14,8,1,0,594,0
free,42,3,2,2,0,330,1
basic,25,9,4,0,0,317,0
free,54,0,2,0,0,298,1
pro,11,6,2,3,0,91,0
free,14,4,3,1,0,595,1
free,25,1,1,0,0,610,1
pro,8,9,5,1,0,271,0
pro,9,12,6,1,0,383,0
pro,1,7,2,1,0,100,1
free,30,2,1,0,0,442,1
free,24,1,0,0,0,641,0
basic,3,7,3,0,0,90,0
pro,8,8,8,0,0,644,1
basic,28,4,2,1,0,481,0
basic,18,8,2,0,0,422,0
free,27,2,3,0,0,660,0
basic,1,9,3,0,0,558,0
free,53,2,0,2,0,334,0
free,42,2,1,0,0,220,0
free,17,4,3,1,0,107,1
basic,24,0,3,0,0,587,0
free,34,3,1,0,0,634,1
free,44,3,0,0,0,554,1
basic,18,2,1,0,0,330,0
free,8,3,0,0,0,46,1
basic,23,2,5,1,0,603,0
free,37,4,2,0,0,463,1
free,57,0,2,0,0,72,1
basic,1,2,5,0,0,97,0
free,59,1,3,0,0,409,1
free,43,1,1,1,0,241,0
free,33,2,0,1,0,232,1
free,31,0,3,1,0,138,1
pro,12,6,4,0,0,313,0
free,2,4,2,1,0,635,1
pro,13,6,5,1,0,254,1
free,43,0,2,3,0,147,0
basic,17,0,5,0,0,632,0
basic,3,0,3,3,0,369,0
basic,21,6,6,1,0,310,0
free,39,3,1,0,0,520,0
free,10,1,0,0,0,48,1
free,47,0,2,0,0,204,0
pro,10,13,3,1,0,498,0
pro,1,9,9,1,1,647,0
pro,8,8,2,0,1,171,1
free,56,1,0,0,0,492,0
basic,10,1,6,0,0,327,0
pro,2,13,6,0,0,499,0
free,59,4,3,2,0,402,1
free,32,4,0,0,0,497,1
basic,22,5,3,0,1,467,1
basic,21,4,3,1,1,472,1
pro,2,11,6,0,1,485,0
free,55,0,1,0,0,277,1
basic,22,2,6,1,0,171,1
free,36,3,2,0,0,431,0
free,6,2,2,2,0,251,0
free,3,2,3,0,0,213,0
pro,1,9,9,2,0,393,0
basic,22,0,2,1,0,217,0
basic,8,6,2,0,0,142,0
free,0,4,0,0,0,210,0
pro,1,14,3,1,0,228,0
free,19,1,1,0,0,99,1
pro,8,3,5,0,0,627,0
free,28,3,1,1,0,514,0
free,9,1,1,1,0,428,0
free,59,0,2,0,0,580,1
free,17,0,3,0,0,672,1
basic,6,1,1,0,0,39,1
basic,3,3,2,0,0,32,1
free,42,0,3,0,0,507,0
pro,10,11,3,0,1,691,0
free,30,3,2,1,0,96,1
basic,11,7,6,1,0,126,0
pro,9,12,5,1,0,560,0
basic,21,3,5,1,0,347,1
free,48,3,3,1,0,127,1
pro,8,2,3,1,1,86,0
basic,16,3,4,0,0,136,1
free,7,4,2,0,0,117,0
free,33,0,3,0,0,682,1
basic,13,3,5,0,0,685,0
basic,17,0,3,1,0,400,1
basic,19,2,5,0,0,404,0
pro,8,11,5,0,0,81,1
basic,15,9,5,1,0,70,1
free,0,4,0,0,0,120,1
free,30,2,0,1,0,68,0
free,3,1,2,0,0,42,0
basic,10,0,6,0,0,637,0
free,44,4,1,1,0,650,1
basic,11,4,3,0,0,133,0
basic,7,9,2,0,0,72,0
pro,9,3,2,0,0,238,0
free,55,2,1,1,0,629,0
pro,0,9,3,0,0,634,0
free,58,0,2,0,0,715,1
pro,2,8,2,2,1,505,1
free,10,4,0,1,0,667,0
free,44,3,0,0,0,138,1
basic,25,3,1,0,0,588,1
free,25,0,1,0,0,243,1
free,26,1,0,1,0,633,0
basic,12,3,6,0,0,722,1
basic,1,0,2,0,0,438,1
basic,4,1,2,0,0,582,0
basic,16,0,4,1,0,662,0
basic,5,5,5,0,0,106,1
free,50,1,0,1,0,124,1
free,49,4,2,1,0,298,0
free,5,4,1,2,0,390,0
pro,9,5,2,0,0,559,0
basic,10,6,6,0,0,712,0
free,52,3,3,0,0,191,1
free,29,1,2,0,0,494,1
pro,14,12,4,0,0,593,0
free,36,0,1,1,0,577,0
basic,21,9,6,0,0,216,0
basic,19,8,2,0,0,81,0
basic,7,9,3,0,0,517,0
free,59,4,2,1,0,560,0
pro,8,11,4,1,0,425,0
pro,13,3,4,0,0,121,1
basic,29,8,1,0,0,680,0
basic,16,6,2,1,0,386,1
pro,2,9,4,0,1,640,0
basic,19,0,6,0,0,173,0
free,59,1,3,1,0,228,1
basic,15,5,4,0,1,352,1
basic,13,2,5,0,0,361,0
free,28,3,2,2,0,293,1
basic,10,5,4,1,0,246,0
pro,12,14,8,0,0,585,1
pro,11,13,5,2,0,463,0
free,51,2,3,0,0,489,1
free,16,1,1,1,0,532,0
pro,11,4,8,1,0,498,0
pro,7,13,5,0,0,395,0
free,47,4,1,0,0,268,0
pro,3,12,2,0,0,653,0
pro,6,6,4,0,0,610,0
basic,22,0,5,0,1,590,0
basic,23,0,5,2,0,692,1
free,40,2,0,0,0,425,1
free,48,1,0,0,0,424,0
free,12,2,0,0,0,656,0
pro,6,11,2,0,0,104,0
free,44,3,3,0,0,127,1
free,21,1,2,0,0,412,1
free,52,0,0,0,0,652,1
basic,14,9,3,0,0,399,0
pro,12,13,6,1,0,314,0
free,50,3,2,4,0,285,1
free,2,0,2,0,0,338,1
basic,14,3,6,0,0,658,0
free,33,4,0,3,0,205,1
free,31,2,3,1,0,257,1
free,44,2,1,0,0,376,0
free,50,2,3,1,0,647,0
free,57,1,0,1,0,371,0
free,48,2,3,1,0,268,1
free,20,2,1,3,0,641,0
pro,11,9,6,1,0,717,0
free,43,1,2,0,0,379,1
basic,16,7,1,0,0,484,0
basic,16,2,5,1,0,470,0
free,10,0,0,1,0,617,1
basic,29,7,6,0,0,544,0
free,3,2,1,1,0,110,1
pro,9,13,9,1,0,390,1
free,0,2,1,0,0,317,1
free,27,0,1,0,0,37,0
free,23,1,3,0,0,116,0
pro,6,4,6,0,0,315,0
basic,6,0,6,0,0,428,0
basic,11,4,4,0,0,103,0
free,33,3,2,0,0,468,1
basic,1,7,2,0,0,152,0
free,35,4,1,1,0,406,0
pro,10,4,5,1,0,172,0
free,16,1,2,1,0,187,1
free,34,4,2,0,0,459,1
free,59,4,2,1,0,477,1
free,17,3,0,2,0,439,1
basic,19,4,1,1,0,400,1
free,21,2,1,0,0,138,1
basic,4,1,5,0,0,65,0
free,23,2,0,1,0,119,0
basic,2,9,5,1,0,444,0
free,18,1,2,0,0,325,1
free,36,4,3,1,0,75,1
basic,24,6,5,1,1,517,1
free,20,4,2,0,0,648,0
free,7,0,1,0,0,199,1
pro,14,14,8,1,0,175,0
pro,8,5,6,0,0,449,1
free,16,0,1,0,0,719,0
free,36,1,1,0,0,602,0
basic,7,4,6,0,0,32,1
free,53,1,1,0,0,623,0
free,18,1,3,1,0,292,1
free,26,1,2,1,0,350,0
basic,28,6,3,0,0,636,1
basic,29,1,4,0,0,605,1
free,10,3,3,1,0,275,1
free,53,1,3,0,0,618,0
free,44,0,2,0,0,506,0
basic,6,9,6,1,1,288,1
free,11,1,3,2,0,122,0
free,53,1,3,0,0,562,1
basic,3,2,5,0,0,603,0
free,53,2,0,0,0,368,0
basic,12,8,6,0,0,289,1
free,38,1,1,0,0,266,1
free,27,0,3,0,0,170,1
free,4,4,0,0,0,708,1
basic,21,1,1,0,0,509,0
pro,3,7,3,1,0,608,0
pro,2,7,9,1,0,379,0
free,40,4,0,0,0,599,1
basic,23,1,1,0,0,159,0
free,57,0,0,0,0,566,0
free,11,3,3,0,0,40,1
pro,12,14,2,2,0,286,0
free,16,0,1,0,0,398,1
free,50,4,3,0,0,423,1
free,18,1,2,0,0,622,0
free,25,2,1,0,0,448,1
free,47,1,3,0,0,48,1
basic,29,0,3,0,0,139,1
free,43,2,2,0,0,466,1
pro,7,5,4,0,0,534,0
pro,1,13,6,0,0,63,0
free,5,2,1,0,0,317,1
free,54,0,3,1,0,284,1
free,57,2,1,3,0,667,1
basic,2,8,4,1,0,163,0
free,37,1,3,0,0,528,1
basic,15,8,5,0,0,426,1
free,32,3,0,3,0,516,1
basic,29,1,5,2,0,627,1
free,22,4,2,0,0,616,1
free,14,2,1,3,0,676,0
pro,9,11,2,0,0,714,0
basic,22,8,2,0,0,242,1
free,56,3,0,1,0,379,1
pro,13,13,5,0,1,48,0
free,49,0,2,0,0,148,1
pro,11,13,5,2,1,331,1
basic,20,5,3,1,0,314,1
free,52,4,2,0,0,256,0
free,13,1,2,0,0,536,0
free,26,3,0,1,0,530,1
basic,21,6,2,1,0,241,1
basic,12,2,6,0,1,385,0
free,50,1,2,1,0,516,1
free,46,4,0,1,0,350,0
pro,5,5,2,0,0,692,0
pro,7,8,4,0,0,252,0
basic,11,7,6,0,0,669,0
free,44,2,2,1,0,592,1
free,34,1,3,0,0,220,1
free,47,4,0,0,0,529,1
pro,2,14,4,1,0,524,0
free,7,3,3,0,0,266,0
basic,14,5,2,0,0,51,1
free,44,0,1,1,0,651,0
basic,6,7,6,0,0,356,1
basic,12,2,3,1,0,574,0
pro,12,6,8,1,0,156,0
free,32,2,1,1,0,394,0
free,31,1,3,1,0,73,1
free,7,1,2,1,0,548,0
pro,7,2,3,0,0,157,0
pro,7,10,9,1,0,632,0
basic,20,8,2,0,0,159,1
basic,17,5,5,0,0,558,0
basic,12,5,1,0,0,350,0
free,12,0,1,2,0,215,1
pro,2,10,4,2,0,651,0
free,45,4,3,1,0,377,1
free,30,2,1,1,0,510,1
basic,5,7,1,0,0,704,0
free,15,1,3,0,0,616,0
free,49,0,3,0,0,390,1
basic,6,3,6,1,0,316,0
free,21,0,1,0,0,211,1
basic,2,0,2,1,0,480,0
free,21,4,3,0,0,126,1
free,42,2,0,2,0,592,1
free,2,1,2,0,0,343,0
free,53,2,3,1,0,575,1
basic,6,8,1,0,0,50,1
free,41,3,3,0,0,725,1
basic,26,0,1,0,0,605,0
free,15,4,3,1,0,526,0
basic,29,7,6,2,0,432,1
pro,1,7,9,0,0,153,1
basic,12,0,5,1,0,642,0
free,23,3,3,0,0,148,0
free,34,2,1,1,0,619,1
free,55,3,3,0,0,722,1
basic,4,6,2,2,0,506,1
free,56,1,3,1,0,132,0
free,29,4,2,0,0,362,0
basic,12,0,4,2,0,488,1
free,34,4,0,0,0,159,0
basic,27,0,3,0,0,163,1
free,49,4,3,0,0,186,1
free,7,2,2,0,0,454,0
basic,21,7,1,0,0,464,0
free,48,0,3,0,0,418,0
basic,27,9,5,0,0,347,0
free,6,0,0,0,0,699,0
free,29,4,3,1,0,534,0
pro,12,9,6,0,0,219,0
basic,12,6,2,2,0,641,0
basic,26,7,2,0,0,440,0
free,35,2,1,1,0,81,0
basic,5,1,3,1,0,590,0
free,36,1,3,0,0,475,0
free,0,0,0,0,0,641,0
pro,3,11,8,2,0,473,1
free,36,2,3,0,0,411,0
pro,1,7,6,0,0,403,0
free,39,4,1,0,0,595,1
free,7,4,2,1,0,404,0
basic,12,8,1,1,0,418,0
pro,1,5,4,2,0,678,0
basic,1,4,5,0,0,703,0
pro,14,14,9,0,0,508,0
basic,21,5,5,0,0,433,0
basic,28,5,1,0,0,622,0
pro,14,2,6,0,0,497,0
free,39,4,3,1,0,626,0
free,22,3,0,3,0,534,1
free,8,1,3,0,0,112,0
pro,7,11,8,0,0,348,0
pro,14,2,8,0,0,96,1
free,13,0,3,0,0,443,1
basic,13,8,3,1,0,482,1
pro,14,7,8,0,0,227,1
free,30,0,0,1,0,288,1
basic,2,0,2,0,0,718,0
pro,1,13,3,1,1,327,0
free,34,0,3,1,0,309,0
basic,16,1,4,1,1,329,0
free,2,4,2,0,0,158,0
pro,13,11,5,0,0,527,1
pro,3,6,2,0,0,467,0
pro,0,13,7,0,0,721,0
free,44,0,3,0,0,321,1
pro,0,11,8,0,0,236,0
pro,1,3,7,0,0,323,0
free,44,2,3,0,0,716,0
pro,14,11,4,0,0,58,0
free,58,4,0,1,0,208,0
basic,19,2,5,0,0,70,1
free,15,4,2,2,0,499,1
free,1,0,0,0,0,221,0
free,39,2,1,0,0,373,1
basic,12,6,2,0,0,655,0
free,54,4,3,1,0,307,1
basic,9,6,4,1,0,384,0
free,41,4,0,0,0,558,1
free,59,0,1,1,0,115,1
basic,19,8,4,0,0,346,0
basic,19,8,4,3,0,722,0
free,59,3,0,0,0,366,1
basic,16,6,6,1,0,174,0
pro,13,6,5,1,0,344,0
basic,3,5,2,0,0,254,0
free,12,4,1,1,0,452,1
free,55,4,2,0,0,83,1
pro,1,8,3,0,1,97,0
free,30,0,0,0,0,648,0
pro,4,3,9,0,0,363,1
basic,23,8,3,0,0,106,0
pro,8,14,6,0,0,568,0
basic,7,1,1,1,0,184,0
pro,13,12,6,1,0,101,1
free,22,3,3,0,0,530,0
basic,12,4,5,0,0,476,0
free,55,1,3,2,0,721,1
free,54,3,1,0,0,588,1
basic,7,0,2,0,0,388,1
pro,5,6,8,3,0,306,0
pro,2,12,5,1,0,342,0
basic,25,4,2,0,0,134,0
free,52,1,3,0,0,124,1
free,38,0,0,0,0,248,1
basic,12,6,4,2,0,711,0
free,16,3,1,1,0,157,1
free,40,1,3,1,0,229,1
free,29,4,2,1,0,361,0
free,52,3,3,1,0,576,0
free,12,2,2,1,0,685,1
free,20,1,2,0,0,321,1
free,18,1,2,1,0,95,1
free,52,4,3,1,0,597,1
pro,1,14,6,0,0,686,0
free,56,0,2,1,0,433,0
free,24,0,0,0,0,635,1
basic,16,4,2,0,1,647,1
free,30,4,0,0,0,625,0
pro,8,14,6,1,0,677,0
basic,12,7,1,2,0,175,1
free,22,2,3,1,0,559,0
free,31,0,0,0,0,431,0
pro,2,7,8,0,0,154,1
pro,8,6,9,0,0,543,0
free,35,3,3,1,0,361,1
basic,12,0,5,0,0,509,0
free,53,4,3,1,0,679,1
pro,4,9,4,1,0,427,0
free,19,1,2,0,0,59,0
pro,8,3,6,1,0,85,1
basic,15,6,4,1,0,660,1
basic,22,3,6,0,0,161,0
basic,16,2,2,0,1,260,1
free,27,4,2,0,0,424,0
free,45,0,2,1,0,181,1
free,51,2,2,1,0,531,1
free,52,2,2,1,0,535,1
basic,8,0,5,3,0,415,1
free,14,4,2,0,0,562,0
free,21,1,2,0,0,477,1
pro,5,12,4,0,0,609,0
pro,10,8,7,0,1,155,0
pro,13,7,4,0,0,584,0
pro,0,5,3,1,0,723,0
free,22,1,1,0,0,518,1
free,7,4,3,1,0,641,0
basic,24,0,5,1,0,475,0
basic,19,8,1,0,0,499,0
free,54,1,0,0,0,378,0
pro,0,8,4,1,0,537,1
free,13,4,2,1,0,486,0
free,33,0,3,0,0,414,1
basic,11,3,4,1,0,477,0
basic,2,0,5,1,0,657,0
basic,10,4,2,0,0,144,1
free,10,2,0,2,0,481,0
pro,10,14,7,1,1,683,1
free,11,4,3,1,0,148,1
free,48,1,2,0,0,122,1
pro,11,6,8,0,0,550,0
pro,9,10,7,0,0,614,0
pro,8,14,7,0,0,567,0
pro,6,13,7,0,1,462,0
basic,24,3,4,2,0,174,1
basic,24,2,6,0,0,97,0
free,25,0,1,0,0,729,0
free,17,1,0,1,0,160,1
free,31,0,1,0,0,310,1
free,21,3,2,0,0,681,0
basic,11,9,5,0,0,595,1
free,16,4,1,0,0,542,0
free,22,2,0,0,0,669,0
free,23,3,0,0,0,30,1
basic,9,9,3,0,0,714,0
free,7,0,0,0,0,461,1
pro,7,9,6,0,0,420,0
free,5,4,1,0,0,295,1
free,4,1,2,2,0,428,1
basic,10,0,5,0,0,285,0
pro,0,14,4,1,0,424,0
free,28,0,2,0,0,203,0
basic,25,1,6,0,0,74,0
basic,28,7,3,2,0,170,0
free,56,2,0,0,0,568,1
pro,9,7,9,3,1,79,0
basic,7,0,2,0,0,90,1
basic,22,6,5,1,0,272,1
pro,1,11,5,0,0,298,0
pro,6,12,9,0,0,169,0
basic,21,5,4,2,0,186,1
pro,2,9,7,1,1,626,0
basic,5,7,4,1,0,625,0
basic,4,8,5,0,0,305,0
basic,12,9,5,0,0,60,0
basic,18,1,6,0,0,37,1
free,50,1,0,0,0,62,1
pro,2,6,7,0,0,684,0
pro,6,13,9,1,0,481,0
free,48,0,3,0,0,478,0
pro,1,5,9,0,0,66,1
free,47,2,0,0,0,688,1
free,55,3,3,0,0,63,1
basic,23,4,1,1,0,484,0
free,50,2,2,1,0,473,1
pro,5,11,4,0,0,266,0
pro,9,8,3,0,0,241,1
basic,1,2,4,1,0,169,0
free,22,2,3,0,0,637,0
free,25,2,0,1,0,390,0
basic,6,1,3,0,0,333,1
pro,3,9,3,1,0,325,0
basic,26,3,3,0,0,181,1
free,26,3,1,2,0,252,1
basic,5,9,2,0,0,225,0
basic,18,0,3,2,1,629,1
basic,23,3,1,0,0,328,1
free,9,4,2,0,0,558,0
basic,27,8,3,4,0,517,0
basic,1,3,5,0,0,240,0
pro,14,9,8,1,0,261,0
free,20,3,0,0,0,724,0
basic,4,0,5,0,0,703,0
pro,2,9,2,1,0,396,0
free,36,3,2,0,0,510,1
pro,2,6,4,1,0,611,1
basic,21,1,1,0,0,601,1
free,43,2,1,1,0,208,1
free,10,1,0,0,0,513,0
basic,10,3,6,0,0,618,0
free,3,2,0,2,0,524,1
basic,25,6,4,1,0,576,1
free,24,1,1,0,0,45,1
basic,19,6,6,0,0,495,1
free,8,4,2,0,0,431,0
pro,0,5,4,1,0,323,0
pro,7,2,2,1,0,200,0
pro,14,5,2,0,1,61,0
basic,22,2,4,0,0,292,0
free,11,1,1,0,0,244,1
basic,13,6,1,0,0,587,0
free,41,0,0,0,0,218,1
free,16,2,3,0,0,612,1
free,36,2,0,0,0,629,0
free,53,3,3,0,0,290,1
basic,13,9,5,0,0,211,1
basic,7,2,5,0,0,534,0
free,27,4,3,0,0,371,1
free,40,3,0,0,0,51,1
pro,5,10,7,0,0,103,1
free,46,0,2,0,0,631,1
free,47,4,3,0,0,195,1
free,17,1,1,0,0,263,0
basic,15,9,4,1,0,404,0
basic,7,1,5,1,0,462,0
free,43,4,2,0,0,670,0
free,40,3,2,1,0,363,0
basic,7,3,5,1,0,636,0
basic,23,8,2,0,0,569,1
free,40,1,3,1,0,64,1
pro,13,12,8,0,0,473,0
free,17,4,2,0,0,260,0
free,36,3,3,0,0,347,0
pro,9,2,5,0,0,372,0
free,35,0,0,0,0,459,0
basic,8,0,4,2,0,666,1
free,1,2,2,1,0,495,0
free,15,2,1,0,0,108,0
pro,8,6,5,2,0,602,0
free,8,4,2,0,0,478,1
pro,13,13,4,0,0,311,0
free,10,1,2,1,0,704,0
free,53,0,0,1,0,86,1
free,55,2,0,1,0,220,1
basic,24,5,2,0,1,673,1
free,32,0,1,0,0,492,1
pro,2,6,2,1,0,71,0
free,44,1,1,0,0,515,1
pro,11,4,2,1,0,202,1
free,44,3,3,0,0,708,1
pro,2,14,2,0,0,279,0
basic,9,4,5,0,0,539,0
basic,8,8,2,0,0,531,0
pro,0,10,4,0,0,222,0
basic,19,4,5,1,0,194,1
basic,7,4,1,1,0,119,1
free,35,0,0,2,0,720,1
free,17,3,2,1,0,87,1
pro,4,9,6,0,0,292,1
basic,23,8,2,0,1,677,0
basic,4,6,1,0,0,272,0
free,43,2,3,1,0,692,1
free,43,1,0,0,0,248,1
free,20,4,1,2,0,38,1
basic,15,0,3,0,0,459,0
free,39,2,0,0,0,42,1
free,53,0,1,1,0,254,1
free,53,1,3,0,0,719,1
free,0,3,3,0,0,96,1
basic,8,0,5,0,1,698,0
free,20,0,1,0,0,706,0
basic,11,1,1,0,0,532,1
free,42,3,2,0,0,213,0
free,34,3,0,0,0,237,1
free,12,4,1,0,0,557,0
free,56,1,3,0,0,329,1
free,48,2,0,1,0,270,1
free,53,1,0,0,0,484,1
basic,11,4,2,0,0,559,0
free,9,3,0,0,0,688,1
basic,3,2,6,0,0,273,0
pro,11,2,7,0,0,592,0
basic,15,3,2,0,0,267,0
free,52,2,2,1,0,275,0
free,9,1,3,0,0,374,0
free,45,1,1,0,0,513,1
free,12,3,1,1,0,339,0
pro,13,2,3,1,0,590,1
free,37,4,2,3,0,313,0
free,23,4,2,0,0,67,0
basic,2,0,5,0,0,61,1
basic,25,2,4,1,0,272,0
basic,20,4,6,0,0,582,0
free,35,4,0,0,0,321,1
free,13,0,2,0,0,644,0
basic,16,8,4,0,0,321,1
free,34,1,1,0,0,648,1
free,24,1,1,0,0,411,1
free,2,0,0,0,0,628,1
free,46,4,2,3,0,607,1
free,37,1,2,1,0,167,0
free,16,3,3,0,0,229,1
basic,19,5,2,0,0,364,0
basic,5,1,2,0,0,634,0
pro,3,7,4,0,0,476,1
free,23,3,1,1,0,377,0
free,28,1,1,0,0,307,0
free,42,1,2,0,0,561,1
basic,13,8,3,0,0,428,0
basic,19,6,1,0,0,420,0
free,57,3,2,0,0,631,1
pro,2,14,8,1,0,591,1
free,25,2,2,0,0,39,1
basic,20,1,4,2,0,620,0
basic,23,9,6,1,0,578,1
pro,0,5,4,0,0,88,0
basic,25,7,2,2,0,117,1
pro,6,14,8,0,0,488,1
free,15,3,0,1,0,133,1
pro,12,5,6,0,0,133,1
free,16,2,0,0,0,283,0
pro,14,12,4,0,0,364,0
basic,11,8,4,1,0,492,1
pro,10,12,7,0,0,578,0
free,11,2,2,0,0,330,0
basic,3,1,2,0,0,683,1
basic,26,1,1,0,0,584,0
basic,17,3,4,0,0,657,0
free,41,1,3,0,0,370,1
free,58,0,3,1,0,521,0
free,46,4,1,0,0,113,1
free,29,1,0,0,0,288,1
pro,4,4,2,1,0,389,0
free,33,3,0,1,0,116,1
pro,1,5,6,2,0,457,0
free,5,0,0,2,0,396,0
free,6,2,0,0,0,372,1
basic,9,1,4,0,0,376,0
basic,24,1,6,1,0,125,0
free,52,3,2,0,0,284,1
basic,16,5,1,0,0,165,1
basic,7,3,1,1,0,277,1
free,54,3,3,0,0,528,0
pro,9,5,3,1,0,515,0
pro,2,12,5,0,0,431,1
basic,4,5,1,0,0,633,0
free,56,1,0,0,0,441,1
basic,12,9,2,0,0,477,0
free,15,2,0,0,0,276,0
free,15,4,1,0,0,728,1
free,42,0,0,0,0,450,1
free,52,1,0,0,0,153,1
pro,8,4,3,0,0,289,0
basic,12,1,3,1,1,198,1
basic,5,4,5,2,0,140,0
free,35,2,0,1,0,319,0
free,46,2,1,1,0,628,1
free,50,3,1,1,0,42,1
pro,1,14,8,1,0,292,0
free,31,2,2,1,0,52,1
pro,6,6,6,1,0,229,1
basic,0,2,2,0,0,271,1
free,32,1,0,2,0,268,1
basic,27,5,1,1,0,332,0
free,24,0,0,1,0,194,1
pro,3,13,7,0,0,205,0
pro,5,8,9,1,0,58,0
free,44,3,0,0,0,706,1
free,21,4,1,0,0,564,0
basic,11,0,3,0,0,323,1
pro,9,11,7,1,0,506,1
free,39,3,1,0,0,412,1
basic,12,6,6,0,0,585,0
basic,26,6,3,0,0,721,0
basic,7,0,2,0,0,325,0
free,28,0,1,0,0,680,0
basic,28,7,5,2,0,363,1
pro,0,7,3,1,0,277,0
free,27,0,3,1,0,270,1
free,12,4,2,1,0,135,0
pro,2,14,2,0,0,714,0
free,59,0,1,0,0,590,0
pro,14,4,3,0,1,152,0
free,43,1,1,0,0,64,1
free,25,0,3,0,0,647,0
pro,11,2,8,0,1,445,0
free,25,1,2,1,0,650,1
basic,1,8,5,1,1,666,1
free,8,3,1,2,0,356,0
basic,19,6,2,1,0,324,0
free,4,0,1,1,0,461,0
free,55,2,1,0,0,376,1
pro,0,11,4,0,0,66,0
free,19,1,1,0,0,729,1
basic,21,5,3,0,0,541,0
free,10,2,1,1,0,564,0
basic,4,6,5,0,0,693,0
free,31,0,3,0,0,47,1
pro,14,9,9,0,1,56,0
free,21,2,1,0,0,565,1
free,40,3,3,1,0,58,1
free,16,1,3,0,0,680,0
free,58,3,1,0,0,687,0
basic,9,4,3,0,0,664,0
free,43,0,3,1,0,669,1
pro,6,7,4,0,0,146,0
free,41,4,2,0,0,161,0
free,56,0,1,0,0,318,1
basic,5,4,6,0,0,265,0
basic,2,6,5,0,0,71,0
free,9,0,0,1,0,189,1
free,58,4,2,0,0,720,1
free,44,4,3,0,0,154,1
basic,29,6,2,0,0,289,1
basic,14,2,3,0,0,305,0
free,12,4,3,2,0,242,0
pro,4,13,7,0,0,502,0
pro,5,9,8,0,0,599,0
basic,25,9,1,0,0,460,0
pro,12,5,8,1,1,109,0
free,46,4,0,1,0,257,1
free,30,0,1,0,0,124,1
free,27,3,1,1,0,453,0
free,10,0,1,1,0,545,1
basic,13,0,5,0,0,194,1
pro,0,6,4,0,0,455,0
free,48,0,1,0,0,71,1
free,46,0,3,0,0,432,0
free,51,2,2,1,0,445,1
pro,1,14,5,0,0,329,0
free,23,3,1,1,0,84,1
basic,7,2,1,1,0,365,1
free,59,0,2,0,0,459,1
free,56,0,2,2,0,714,1
pro,8,5,2,1,0,363,0
pro,3,2,6,0,1,435,1
free,40,2,0,0,0,59,1
pro,0,2,6,0,0,564,0
basic,16,1,1,1,0,546,0
pro,1,12,5,2,0,604,0
free,48,0,1,2,0,250,0
basic,2,6,6,2,0,623,1
free,4,4,3,1,0,523,1
basic,5,7,2,1,1,282,1
free,51,2,3,0,0,593,0
free,40,4,1,1,0,350,0
free,10,3,3,0,0,68,0
basic,16,4,4,0,0,494,0
free,53,3,0,0,0,440,1
basic,24,9,2,0,0,441,1
pro,9,12,5,0,1,521,0
free,37,2,0,0,0,467,1
basic,14,4,1,0,0,508,1
free,33,1,0,0,0,101,1
pro,9,12,4,0,0,611,0
free,31,2,2,0,0,249,1
basic,5,9,4,0,0,33,1
pro,12,11,8,0,0,319,0
pro,1,5,9,1,0,409,0
basic,17,8,4,0,1,384,0
free,5,0,2,1,0,109,1
basic,3,4,2,2,0,95,1
pro,0,9,4,0,0,165,0
basic,24,9,1,0,0,428,1
free,13,4,3,0,0,376,1
pro,3,12,4,0,0,88,0
basic,12,2,6,0,0,548,0
basic,6,7,2,1,0,266,1
free,30,0,1,0,0,108,1
basic,22,9,4,1,0,587,0
free,2,4,2,0,0,701,0
basic,18,5,4,0,0,144,0
free,5,1,1,0,0,491,0
basic,14,8,3,1,0,655,0
pro,8,3,9,0,0,155,0
free,43,2,0,0,0,631,0
pro,14,12,7,0,1,602,1
free,42,3,0,0,0,529,1
pro,14,2,6,2,0,131,0
basic,19,1,2,0,0,655,0
basic,3,1,5,1,0,203,0
basic,2,2,4,0,0,481,0
pro,2,3,2,0,0,121,0
free,12,0,0,0,0,724,0
free,49,4,0,0,0,414,1
basic,7,8,1,2,0,234,0
pro,8,12,9,0,0,392,0
basic,28,3,3,1,0,527,0
basic,28,8,5,1,1,566,0
free,5,2,0,0,0,263,0
pro,11,6,7,0,0,45,0
free,15,4,0,1,0,170,1
basic,17,9,5,0,0,649,1
free,34,2,1,0,0,449,0
free,59,0,0,4,0,485,1
free,47,2,3,0,0,329,1
free,55,2,3,0,0,368,1
basic,5,3,6,0,0,332,0
free,25,4,1,2,0,621,1
free,56,4,1,1,0,105,1
free,11,1,2,0,0,653,1
free,10,0,0,0,0,345,0
free,36,3,0,0,0,529,1
free,24,2,3,0,0,104,0
basic,29,0,4,0,0,395,0
basic,3,3,1,0,0,575,0
basic,7,2,3,0,0,682,0
free,54,3,3,1,0,707,0
free,37,2,3,0,0,425,1
pro,6,12,6,1,1,260,1
basic,15,1,1,0,1,57,0
free,25,4,3,1,0,504,1
free,5,0,0,1,0,324,0
free,3,2,3,0,0,456,0
free,43,4,2,0,0,120,1
free,50,1,2,0,0,144,1
basic,12,9,1,1,0,188,0
basic,1,6,2,2,0,287,0
basic,2,2,2,1,0,402,0
basic,21,3,6,1,1,119,1
pro,3,2,6,0,0,327,1
basic,23,8,3,0,0,60,1
pro,12,13,5,1,1,387,0
free,15,1,1,0,0,499,1
free,1,3,2,1,0,157,1
free,33,3,1,0,0,299,1
basic,12,3,5,0,0,527,0
pro,8,12,5,1,0,442,0
free,12,0,0,1,0,238,1
pro,5,7,8,0,0,719,0
free,7,3,2,0,0,335,0
pro,7,11,8,1,0,220,0
free,31,1,0,4,0,386,1
free,35,1,0,0,0,486,1
free,46,3,0,1,0,478,1
free,29,2,3,3,0,97,1
free,0,3,3,1,0,496,0
free,42,2,3,1,0,389,1
pro,8,7,6,2,1,416,0
basic,29,5,4,1,0,157,1
free,58,4,0,1,0,514,1
basic,5,6,1,0,0,273,0
basic,17,0,6,0,0,48,1
free,49,1,1,1,0,425,0
free,21,3,2,0,0,696,1
free,28,2,2,2,0,258,0
free,21,1,3,2,0,397,1
basic,6,2,5,0,1,87,1
free,8,3,1,0,0,310,0
basic,1,4,2,1,0,586,0
basic,10,2,4,0,0,131,1
free,35,2,1,1,0,77,0
basic,12,7,5,1,0,591,0
free,27,4,3,0,0,622,1
pro,12,14,3,1,1,88,0
free,41,1,1,0,0,190,1
pro,10,9,8,1,0,132,1
basic,23,8,6,1,0,441,0
free,23,2,1,0,0,212,0
basic,28,2,4,1,0,446,0
pro,13,4,5,1,0,145,0
basic,11,7,1,1,0,428,1
pro,11,3,6,0,0,705,1
pro,9,14,2,0,1,684,0
free,7,2,2,0,0,466,0
free,47,0,1,1,0,347,1
basic,9,6,5,0,0,635,0
free,21,3,0,0,0,279,0
pro,7,10,7,1,0,476,1
pro,13,8,4,0,0,526,0
free,56,1,2,0,0,372,1
free,28,0,0,0,0,456,0
basic,4,4,2,1,0,269,0
free,43,4,0,0,0,88,1
pro,11,8,7,1,1,556,0
free,44,2,2,0,0,232,1
basic,15,6,4,1,0,495,1
free,35,1,1,1,0,325,0
basic,26,0,2,0,0,316,1
free,53,3,1,1,0,102,1
basic,9,9,1,0,0,552,0
free,54,0,3,0,0,366,1
basic,10,1,1,1,0,347,0
pro,6,6,6,1,0,232,0
free,50,2,1,0,0,260,1
free,0,3,2,0,0,592,1
free,31,1,3,0,0,86,0
basic,8,6,5,1,0,673,0
basic,18,8,5,0,0,449,1
basic,4,5,4,0,0,309,1
free,48,2,1,1,0,334,0
free,2,2,1,1,0,495,1
basic,5,9,2,0,0,203,0
free,19,3,3,1,0,295,0
pro,11,7,2,0,0,276,0
free,29,2,1,2,0,107,1
basic,19,0,4,0,0,676,0
free,34,0,3,0,0,681,0
free,48,1,1,0,0,282,1
basic,22,3,2,1,0,504,1
basic,10,8,5,1,0,205,1
pro,11,4,3,2,0,450,0
free,13,3,0,0,0,601,0
free,16,4,3,1,0,490,1
basic,2,6,3,1,0,283,0
basic,8,5,2,0,0,549,0
free,51,1,2,1,0,136,0
free,28,4,0,1,0,200,1
free,19,2,1,1,0,87,0
pro,11,2,4,0,0,366,0
free,26,1,3,0,0,371,1
free,17,3,2,1,0,319,0
free,3,2,2,1,0,113,1
free,0,0,0,1,0,146,0
free,49,0,2,0,0,563,0
basic,8,3,5,0,0,248,0
free,57,4,1,0,0,131,1
pro,6,7,8,0,0,686,0
free,44,0,1,0,0,485,1
basic,28,9,2,1,0,688,0
pro,3,2,2,2,0,555,0
basic,4,8,5,1,0,295,0
basic,14,7,1,1,0,316,0
free,58,3,0,1,0,170,1
free,10,0,1,0,0,435,0
basic,29,9,3,1,0,322,1
pro,10,14,6,0,0,60,1
basic,27,8,3,1,0,200,0
basic,1,9,1,1,0,384,0
basic,12,3,1,1,0,234,1
free,16,2,0,0,0,507,0
free,21,0,1,0,0,320,1
basic,14,4,4,0,0,140,1
pro,6,6,3,0,0,97,1
free,44,3,3,0,0,724,0
basic,13,5,5,0,0,402,0
free,28,3,3,0,0,225,0
basic,24,0,2,0,0,155,1
free,4,4,2,0,0,716,0
free,10,2,2,0,0,291,1
basic,29,2,4,1,0,184,1
free,50,4,2,0,0,610,0
basic,8,6,4,0,1,137,0
basic,24,8,5,1,1,452,0
pro,7,13,5,1,0,64,0
free,25,2,2,0,0,73,1
free,50,4,2,1,0,684,1
free,18,4,1,0,0,445,0
pro,5,6,3,1,0,314,1
pro,7,3,5,1,0,476,0
basic,2,4,6,2,0,547,0
pro,7,8,5,1,0,56,1
basic,10,8,1,0,0,256,1
basic,20,3,4,0,0,454,0
free,25,4,0,0,0,597,0
basic,21,9,6,1,0,397,1
free,4,4,1,1,0,339,1
pro,13,2,4,0,0,134,0
basic,22,2,3,0,0,47,1
basic,16,1,3,1,0,234,1
free,22,4,1,1,0,72,0
free,41,3,0,1,0,118,1
free,19,3,1,0,0,615,1
free,14,2,3,1,0,186,1
free,49,4,2,0,0,295,1
pro,8,7,5,0,0,163,1
basic,21,5,4,0,0,493,0
free,28,0,3,0,0,630,1
free,7,2,0,1,0,161,1
free,40,4,2,0,0,63,1
basic,16,5,2,0,0,112,0
basic,18,9,6,2,0,161,1
pro,14,11,5,0,0,457,0
free,38,2,0,2,0,233,1
pro,0,6,3,1,0,365,0
pro,11,5,2,0,0,526,0
free,45,1,0,0,0,471,1
pro,3,5,4,0,1,287,0
free,26,3,0,2,0,321,1
pro,12,9,5,0,1,154,0
free,57,0,3,0,0,692,1
pro,9,7,4,0,0,204,1
pro,4,12,9,0,1,521,0
pro,5,9,9,0,1,109,1
basic,15,1,1,1,0,648,0
free,2,0,1,1,0,334,0
free,46,0,0,1,0,539,0
free,23,0,1,0,0,373,1
free,26,0,1,1,0,599,0
basic,3,3,1,0,0,120,1
free,35,1,2,0,0,676,0
pro,0,2,5,0,0,198,1
basic,1,1,1,1,0,363,1
pro,1,3,7,0,0,663,0
free,23,0,3,0,0,265,0
pro,7,11,4,1,0,428,0
pro,12,6,8,1,0,617,1
free,2,4,1,0,0,506,1
basic,7,8,5,0,0,564,0
basic,6,0,1,0,0,614,0
free,48,3,1,0,0,117,1
basic,22,0,4,1,0,644,1
free,52,1,1,1,0,635,1
free,55,0,0,0,0,282,1
free,51,2,1,0,0,387,1
free,22,0,3,1,0,87,1
free,44,4,2,0,0,428,1
free,4,3,2,0,0,550,0
pro,11,6,4,0,0,554,0
basic,16,1,2,0,0,446,0
pro,3,14,4,4,0,422,1
free,56,0,2,0,0,672,1
free,56,4,1,0,0,251,1
basic,3,6,4,1,0,358,0
free,53,1,0,0,0,401,0
free,5,4,2,0,0,540,0
basic,4,5,4,0,0,182,0
free,56,3,3,0,0,509,1
basic,15,7,6,0,0,612,0
basic,3,0,5,0,0,49,0
free,6,4,0,1,0,622,0
free,38,4,0,1,0,257,1
basic,28,7,5,0,0,375,0
free,20,1,2,0,0,48,1
free,19,3,0,0,0,473,0
pro,4,3,9,1,1,706,0
free,50,3,2,2,0,397,1
basic,22,4,3,0,0,648,0
pro,13,4,4,0,0,176,0
free,3,3,2,0,0,722,0
free,27,4,0,0,0,533,1
free,11,3,1,0,0,459,0
free,37,2,0,0,0,469,0
free,50,0,2,0,0,227,1
basic,27,9,2,0,0,316,0
free,46,0,0,1,0,594,1
basic,4,5,1,1,0,398,1
pro,5,2,2,0,0,269,0
pro,5,8,2,0,0,316,1
basic,14,4,4,0,0,729,0
free,57,0,0,2,0,424,1
basic,14,9,4,0,0,547,1
basic,13,0,6,1,0,590,0
free,36,0,3,1,0,89,1
free,24,4,1,0,0,574,1
pro,6,6,6,1,1,332,1
free,26,4,0,1,0,273,1
free,50,2,1,0,0,713,0
free,13,0,3,1,0,236,0
free,56,2,3,0,0,404,1
pro,2,6,8,1,0,312,0
basic,19,4,2,0,0,507,1
basic,28,9,6,2,0,51,1
free,53,3,1,0,0,588,0
free,35,3,3,2,0,378,1
free,38,3,2,0,0,518,1
free,15,4,0,0,0,699,1
free,55,2,3,1,0,287,0
basic,21,1,2,1,0,684,0
free,20,0,1,0,0,76,1
basic,17,9,2,0,0,56,1
free,20,0,2,2,0,56,1
free,7,3,1,0,0,426,0
free,48,2,3,0,0,174,1
pro,6,13,3,0,0,616,0
pro,7,2,8,2,0,728,0
pro,0,6,3,0,1,551,1
free,30,1,0,1,0,150,1
free,41,1,1,0,0,491,0
basic,12,9,6,3,0,706,0
free,31,3,3,0,0,411,1
pro,8,7,7,0,0,702,1
free,33,3,3,0,0,447,0
free,8,2,2,1,0,356,0
free,16,2,1,1,0,420,0
free,10,1,3,0,0,326,0
basic,19,2,1,1,0,659,0
free,9,4,3,0,0,113,1
free,21,4,1,0,0,175,1
free,56,0,3,0,0,200,0
free,16,1,0,0,0,363,0
basic,6,9,5,0,0,453,0
pro,9,5,5,1,0,338,0
pro,8,11,4,0,0,555,0
basic,5,3,3,0,0,690,0
free,24,2,0,1,0,598,1
basic,19,4,6,1,0,376,1
free,20,2,0,0,0,331,1
free,36,1,3,3,0,376,1
pro,7,11,4,0,0,437,0
free,48,3,3,1,0,162,1
pro,6,13,5,1,0,711,0
free,24,1,3,0,0,643,0
basic,17,1,5,1,0,135,1
basic,17,2,1,2,1,200,1
pro,7,6,8,0,0,669,0
basic,19,1,4,1,0,279,1
basic,22,1,5,1,0,573,0
free,1,2,1,0,0,291,0
basic,10,7,5,0,0,523,1
free,14,3,2,0,0,273,0
basic,21,5,2,1,0,480,0
basic,25,4,4,1,0,319,0
basic,3,2,3,0,0,292,0
free,5,0,0,0,0,343,0
free,0,1,1,0,0,114,1
basic,1,4,2,0,0,444,0
free,22,4,0,0,0,358,0
free,57,0,2,0,0,74,1
free,38,1,2,0,0,362,0
pro,1,14,9,0,0,494,0
basic,6,1,1,0,0,229,0
free,33,2,2,0,0,230,1
free,58,2,1,0,0,358,1
free,40,2,2,1,0,709,1
basic,29,0,1,1,0,269,1
basic,2,9,4,1,0,612,0
free,12,3,2,1,0,686,1
free,5,3,3,1,0,388,1
free,5,1,3,0,0,389,0
basic,18,6,4,1,1,407,1
basic,20,8,5,1,1,414,1
free,52,1,1,0,0,494,1
free,2,1,1,1,0,251,0
free,16,1,0,0,0,704,0
pro,9,8,4,1,0,394,0
free,11,0,2,1,0,101,1
basic,1,9,1,0,0,269,0
basic,27,6,4,0,0,533,1
free,44,1,3,0,0,443,1
free,54,2,3,1,0,156,1
free,0,1,2,0,0,516,1
basic,15,6,2,0,0,626,0
basic,13,3,2,2,0,556,0
basic,6,5,3,0,0,277,0
basic,20,9,5,1,0,511,0
free,35,1,1,0,0,341,0
pro,4,9,6,0,0,473,0
basic,0,8,1,0,0,312,1
free,3,1,0,0,0,31,1
pro,9,4,3,1,0,103,1
basic,20,2,4,0,0,93,1
basic,3,7,5,2,0,376,0
basic,6,0,3,0,0,353,1
pro,0,3,5,0,0,268,1
basic,14,0,4,0,0,426,1
free,39,3,1,0,0,366,0
free,13,1,3,0,0,370,1
pro,4,11,5,0,0,308,0
free,32,0,1,0,0,382,1
free,13,3,1,0,0,492,0
free,33,4,1,0,0,491,0
free,54,2,2,1,0,322,1
basic,14,1,5,0,0,436,0
pro,9,11,2,0,0,191,0
free,58,4,3,0,0,532,0
free,28,1,3,0,0,477,0
free,18,1,0,0,0,724,1
pro,2,13,8,2,0,484,0
basic,9,3,3,1,0,294,0
free,32,2,2,0,0,161,1
pro,9,13,4,1,0,149,0
pro,7,11,9,1,1,248,0
pro,10,2,5,0,0,446,0
pro,9,11,7,1,1,701,0
free,0,4,3,0,0,534,0
basic,7,2,4,0,0,329,0
free,26,1,3,0,0,138,1
pro,1,2,7,2,0,267,0
basic,10,1,3,0,0,322,0
basic,12,1,4,1,0,608,0
basic,2,8,5,0,1,216,1
free,47,2,3,0,0,65,1
basic,2,9,2,1,0,590,0
pro,4,3,5,0,0,285,1
pro,5,2,2,0,1,464,0
free,15,1,3,0,0,648,1
free,58,3,0,0,0,37,1
free,42,1,0,0,0,207,1
basic,16,5,4,0,0,271,1
pro,6,3,7,0,1,70,0
free,19,2,0,0,0,386,1
basic,27,2,5,2,0,142,1
pro,7,4,5,0,0,195,0
basic,29,6,5,0,0,533,0
basic,19,9,1,1,0,107,0
basic,5,1,6,0,0,225,1
basic,27,9,4,1,0,431,1
free,21,3,1,1,0,93,1
basic,28,1,6,0,0,681,0
basic,9,2,5,0,0,454,0
pro,4,14,9,2,1,71,1
basic,9,6,1,0,1,402,0
basic,7,2,6,0,0,335,0
free,13,0,1,0,0,238,0
free,55,3,0,0,0,496,1
free,54,4,0,0,0,333,1
free,2,2,1,0,0,614,0
basic,21,6,5,1,0,421,1
pro,4,5,5,0,0,182,0
free,54,4,1,0,0,676,1
free,18,3,3,1,0,391,0
pro,14,9,4,1,0,293,0
free,17,0,3,2,0,245,1
basic,12,4,2,1,0,651,0
basic,21,2,5,0,0,572,0
basic,24,4,2,0,0,553,0
free,59,2,3,0,0,668,1
free,32,0,3,1,0,223,1
basic,10,3,6,0,0,681,1
basic,26,7,4,0,0,56,1
free,52,0,1,0,0,75,1
basic,15,5,1,1,1,676,0
free,4,4,1,1,0,87,1
basic,25,4,5,0,0,42,0
free,11,4,0,1,0,641,0
pro,3,9,9,0,0,78,0
free,5,0,2,0,0,123,1
free,32,1,3,0,0,636,1
free,4,4,1,1,0,686,0
free,56,4,2,0,0,613,1
pro,4,5,5,0,0,480,0
pro,6,8,7,0,1,408,0
free,4,3,1,3,0,39,0
free,53,3,1,0,0,703,0
basic,1,6,2,0,1,545,0
pro,12,3,7,1,0,253,0
basic,19,4,3,0,0,410,1
free,49,1,2,1,0,570,1
free,47,3,0,0,0,331,1
basic,1,7,5,0,0,232,0
free,18,3,2,0,0,618,1
basic,18,1,3,0,0,600,0
free,4,0,2,0,0,225,0
basic,3,3,6,0,0,351,0
free,1,1,0,0,0,447,1
basic,21,9,2,1,0,648,0
free,46,2,2,1,0,371,1
basic,1,5,5,0,0,418,0
free,3,0,3,1,0,38,0
basic,13,8,4,0,0,561,0
basic,1,4,3,1,1,178,1
basic,28,5,5,0,0,412,0
basic,14,8,5,0,0,558,0
basic,11,8,3,1,0,41,0
pro,9,12,7,0,0,505,0
free,22,4,1,0,0,623,0
pro,0,2,6,0,0,608,0
free,22,0,2,0,0,674,1
free,18,1,3,0,0,82,1
free,53,4,1,0,0,465,1
free,28,0,2,0,0,235,1
basic,9,1,5,0,0,83,0
basic,13,5,2,1,0,609,0
basic,13,8,1,0,0,519,0
basic,4,0,1,0,0,373,0
free,17,0,3,2,0,198,1
free,9,1,2,0,0,190,1
free,40,0,2,1,0,556,0
free,56,3,1,0,0,556,1
free,7,0,0,0,0,316,1
free,25,2,3,2,0,441,1
basic,21,1,1,1,0,551,1
basic,23,2,4,0,0,598,1
pro,9,4,7,0,0,228,1
pro,12,7,8,1,0,190,0
basic,12,9,1,1,0,418,1
free,57,0,1,0,0,503,0
basic,21,2,4,0,0,410,1
basic,13,6,5,0,0,660,0
free,40,3,2,1,0,621,0
free,4,4,3,0,0,153,0
pro,4,6,5,0,0,101,0
free,25,0,0,0,0,197,1
basic,24,2,4,0,0,313,0
basic,0,6,3,0,0,523,0
free,48,3,1,1,0,65,1
free,26,3,3,0,0,204,1
free,48,4,3,0,0,228,0
free,11,1,3,0,0,145,0
free,6,3,0,0,0,344,1
pro,10,4,2,0,0,249,0
free,2,3,1,0,0,607,0
basic,12,2,1,1,0,163,0
free,33,3,2,2,0,660,0
pro,14,4,4,0,0,151,1
free,34,1,3,0,0,450,1
free,15,4,2,0,0,521,0
pro,2,4,5,2,0,628,0
pro,5,9,5,0,0,318,0
free,23,1,1,0,0,678,0
pro,9,2,3,0,0,82,1
free,37,1,0,1,0,234,1
free,21,0,3,0,0,377,1
free,25,4,0,1,0,80,0
free,42,0,3,0,0,69,1
basic,11,6,1,0,0,279,1
free,38,3,3,0,0,247,1
free,26,4,1,2,0,208,1
basic,12,3,4,1,0,580,0
basic,22,5,3,1,0,212,1
free,37,0,0,0,0,193,0
basic,28,4,1,1,0,406,1
free,26,3,2,0,0,526,0
basic,13,1,3,1,0,626,1
basic,14,6,1,1,0,490,1
pro,8,14,9,0,0,503,0
free,43,1,0,0,0,714,1
free,18,3,2,1,0,66,0
free,19,0,1,1,0,628,1
